RMSE,MAE,R-squared
156.49307378637084,14.451050370631368,0.8362072857586719
87.56965468733226,8.316747364361474,0.9565647627262686
129.81924738838165,14.706609844745689,0.8872847932449355
